RM#,Location,Lot #,Product Name,Nature of Product,# of boxes,Packages / Box,Units / Package,Units,Total (un),Label grams,Total (g),Total (KG)
110,A1,426,Medellin,Popcorn,,,,22140,22140,1,22139.6,22.14
110,A1,246261H,Cherry Noir/Mandarin,Hash,,,,3780,3780,1,3780,3.78
110,A1,426,Medellin,Shake,,,,52099,52099,1,52098.8,52.099
110,A2,MIXED,Sage N Sour,RND|Shred,,,,1392,1392,1,1391.9,1.392
110,A2,MIXED,Mandarin,RND|Shred,,,,2673,2673,1,2672.7,2.673
110,A2,MIXED,Cherry Noir,RND|Shred,,,,282,282,1,281.5,0.282
110,A2,INCONNU,Sage N Sour,Bubble Hash,,,,2149,2149,1,2149,2.149
110,A2,INCONNU,RND,Finger Hash,,,,1538,1538,1,1538,1.538
110,A2,342,Cherry Noir,Shred,,,,1700,1700,1,1700,1.7
110,A2,239,Sage N Sour,Shred,,,,274,274,1,274,0.274
110,A2,LOT420,Origine Nature,Popcorn,,,,1136,1136,1,1136.3,1.136
110,A2,LOT420,Origine Nature,Shake,,,,138,138,1,138,0.138
110,A2,333,Gas Paradise,Popcorn,,,,2710,2710,1,2710,2.71
110,A2,390,Blueberry Kush,Popcorn,,,,3289,3289,1,3288.9,3.289
110,A2,331,Neville Haze,Popcorn,,,,11494,11494,1,11493.5,11.494
110,A2,401,Sage N Sour,Popcorn,,,,14762,14762,1,14761.7,14.762
110,A2,245,Sage N Sour,Popcorn,,,,9076,9076,1,9075.6,9.076
110,A2,143PR,Sage N Sour,Prérouler 0.6,1,458,1,,458,0.6,274.8,0.275
110,B1,403,Medellin,Shred,,,,62748,62748,1,62747.7,62.748
110,B1,319,Blue Cheese,Large Flower,,,,2643,2643,1,2643.2,2.643
110,B1,319,Blue Cheese,Popcorn/Shake,,,,2734,2734,1,2733.8,2.734
110,B1,291,Banana Daddy,Large Flower,,,,2085,2085,1,2084.9,2.085
110,B1,318,Super Lemon Haze,Large Flower,,,,6101,6101,1,6101.4,6.101
110,B1,318,Super Lemon Haze,Shake,,,,869,869,1,869,0.869
110,B1,395,Sage N Sour,Popcorn,,,,32749,32749,1,32749.1,32.749
110,B2,280,Gas Paradise,Popcorn,,,,10672,10672,1,10671.6,10.672
110,B2,244,Sage N Sour,Popcorn,,,,140,140,1,140,0.14
110,B2,229,Cherry Noir,Popcorn,,,,6417,6417,1,6416.6,6.417
110,B2,246,Mandarin,Popcorn,,,,5420,5420,1,5420.2,5.42
110,B2,387,Sage N Sour,Popcorn,,,,11055,11055,1,11054.5,11.055
110,B2,110,Mandarin,Popcorn,,,,731,731,1,731.1,0.731
110,B2,110,Mandarin,Shake,,,,176,176,1,176.1,0.176
110,B2,110,Mandarin,RND,,,,15,15,1,15.1,0.015
110,B2,115,Mandarin,Shake,,,,1909,1909,1,1909.1,1.909
110,B2,115,Mandarin,Popcorn,,,,121,121,1,121.1,0.121
110,B2,115,Mandarin,RND,,,,89,89,1,89.1,0.089
110,B2,AC1,Stargazer,Large Flower,,,,917,917,1,917.1,0.917
110,B2,AC1,Stargazer,Popcorn,,,,768,768,1,768.1,0.768
110,B2,AC1,Stargazer,Shake,,,,107,107,1,107.1,0.107
110,B2,AC1,Stargazer,RND,,,,10,10,1,10.1,0.01
110,C1,238,Mandarin,Popcorn,,,,943,943,1,942.8,0.943
110,C1,233,Mandarin,Popcorn,,,,3047,3047,1,3047.4,3.047
110,C1,208,Mandarin,Popcorn,,,,1363,1363,1,1362.6,1.363
110,C1,401,Sage N Sour,RND,,,,2746,2746,1,2745.7,2.746
110,C1,208A,Mandarin,Popcorn,,,,434,434,1,434.2,0.434
110,C1,364,Medellin,Large Flower,,,,19055,19055,1,19054.9,19.055
110,C1,364,Medellin,Popcorn,,,,1947,1947,1,1947.3,1.947
110,B2,231,Medellin,Popcorn,,,,399,399,1,399,0.399
110,C2,384,Sage N Sour,Popcorn,,,,21833,21833,1,21832.5,21.833
110,C2,EXLQBXZTWNO5JR,Cherry Noir/Mandarin,Hash 2.0,1,400,1,,400,2,800,0.8
110,C2,EXLOS2ZCA4GYRN,Cherry Noir/Mandarin,Hash 2.0,1,403,1,,403,2,806,0.806
110,D1,304,Blue Chemo,Large Flower,,,,35517,35517,1,35516.8,35.517
110,D1,MIXRND,RND,RND,,,,25871,25871,1,25870.9,25.871
110,C2/D2,MIXRND2023,RND,RND,,,,92000,92000,1,92000,92
110,E1,402,Blue Dream,Popcorn,,,,18994,18994,1,18994,18.994
110,E1,402,Blue Dream,Large Flower,,,,34210,34210,1,34210,34.21
110,E1,402,Blue Dream,Shake,,,,26573,26573,1,26573.1,26.573
110,E1,383,Cherry Noir,Shake,,,,60676,60676,1,60676,60.676
110,E1,371,Cherry Noir,Large Flower,,,,43465,43465,1,43465,43.465
110,E1,430,Chemdawg,Shake,,,,16488,16488,1,16488,16.488
110,E1,430,Chemdawg,Popcorn,,,,3650,3650,1,3650,3.65
110,E1,430,Chemdawg,Large Flower,,,,48564,48564,1,48564,48.564
110,E1,429,Chemdawg,Large Flower,,,,63061,63061,1,63061,63.061
110,E1,429,Chemdawg,Shake,,,,44820,44820,1,44820,44.82
110,E1,NP383,Cherry Noir,Shred,,,,57816,57816,1,57816,57.816
110,E1/E2,331,Neville Haze,Large Flower,,,,48000,48000,1,48000,48
110,E3,431,Cherry Noir,Large Flower,,,,71629,71629,1,71629,71.629
110,E3,431,Cherry Noir,Popcorn,,,,9230,9230,1,9230,9.23
110,E3,431,Cherry Noir,Shake,,,,48476,48476,1,48476,48.476
110,E3,432,Chemdawg,Large Flower,,,,118835,118835,1,118835,118.835
110,E2,393,Medellin,Shake,,,,44255,44255,1,44255,44.255
110,E2,398,Cherry Noir,Large Flower,,,,64283,64283,1,64283,64.283
110,E3,403,Medellin,Large Flower,,,,56513,56513,1,56513,56.513
110,E3,394,Sweet Stripe,Large Flower,,,,1754,1754,1,1754.2,1.754
110,E3,394,Sweet Stripe,Popcorn,,,,325,325,1,325.3,0.325
110,E3,394,Sweet Stripe,Shake,,,,997,997,1,997.2,0.997
110,E3,393,Medellin,Popcorn,,,,10842,10842,1,10841.5,10.842
110,E3,393,Medellin,Popcorn/Shake,,,,393,393,1,393.1,0.393
110,E3,426,Medellin,Large Flower,,,,2068,2068,1,2068,2.068
110,F1,109,Sage N Sour,RND|Popcorn,,,,8488,8488,1,8487.9,8.488
110,F1,FP1,Larry OG,RND|Popcorn,,,,24378,24378,1,24378.4,24.378
110,F1,140,Sage N Sour,RND|Popcorn,,,,11687,11687,1,11686.5,11.687
110,F1,141,Sage N Sour,RND|Shake,,,,1736,1736,1,1736.3,1.736
110,F1,143,Sage N Sour,RND|Popcorn/shake,,,,7001,7001,1,7001.4,7.001
110,F1,114,Sage N Sour,RND|Popcorn/shake,,,,7912,7912,1,7912.2,7.912
110,F1,149,Origine Kush,RND|Popcorn/shake,,,,3645,3645,1,3644.7,3.645
110,F1,MIXED,RND,RND,,,,3114,3114,1,3114.1,3.114
110,F1,185,Mandarin,RND|Prérouler 0.6,,,,144,144,0.6,86.4,0.086
110,F2,352,Purple Chitral,Popcorn,,,,4015,4015,1,4015,4.015
110,F2,364,Medellin,Popcorn,,,,27626,27626,1,27626.3,27.626
110,G1,306,Medellin,Popcorn,,,,13980,13980,1,13980.1,13.98
110,G1,374,Gas Paradise,Popcorn,,,,2621,2621,1,2621.2,2.621
110,G1,374,Gas Paradise,Shake,,,,19029,19029,1,19028.9,19.029
110,G1,385,Blue Dream,Shake,,,,49011,49011,1,49011,49.011
110,F2,289,Gelonade,Large Flower,,,,12000,12000,1,12000,12
110,F2,289,Gelonade,Popcorn,,,,6722,6722,1,6721.7,6.722
110,G2,304,Blue Chemo,Popcorn,,,,19598,19598,1,19597.6,19.598
110,G2,342,Cherry Noir,Shake,,,,61374,61374,1,61373.7,61.374
110,H1,432,Sage N Sour,Popcorn,,,,12684,12684,1,12684,12.684
110,H1,432,Sage N Sour,Shake,,,,37941,37941,1,37940.5,37.941
110,I1,429,Sage N Sour,Popcorn,,,,31917,31917,1,31916.7,31.917
110,H2,290,Cherry Noir,Shake,,,,42935,42935,1,42935,42.935
110,H2,332,Blue Chemo,Shake,,,,49102,49102,1,49101.6,49.102
110,I1,397,Gas Paradise,Large Flower,,,,29592,29592,1,29592.2,29.592
110,I1,397,Gas Paradise,Popcorn,,,,1533,1533,1,1532.9,1.533
110,I1,400,Gas Paradise,Popcorn,,,,5885,5885,1,5885.2,5.885
110,I1,400,Gas Paradise,Large Flower,,,,28432,28432,1,28431.6,28.432
110,I2,M302273,Gelonade,Large Flower,,,,16559,16559,1,16559,16.559
110,I2,M302273,Gelonade,Popcorn,,,,2481,2481,1,2480.8,2.481
110,I2,365,Sage N Sour,Popcorn,,,,9614,9614,1,9614,9.614
110,I2,390,Blueberry Kush,Shake,,,,18902,18902,1,18901.7,18.902
110,I2,331,Neville Haze,Shake,,,,29897,29897,1,29897.4,29.897
110,I2,437,Sage N Sour,Popcorn,,,,2003,2003,1,2003.2,2.003
110,I2,437,Sage N Sour,Shake,,,,1405,1405,1,1405,1.405
110,J1,371,Cherry Noir,Shake,,,,41441,41441,1,41440.5,41.441
110,J1,398,Cherry Noir,Shake,,,,37440,37440,1,37439.7,37.44
110,J1,370,Cherry Noir,Shake,,,,55001,55001,1,55000.6,55.001
110,J2,397,Gas Paradise,Shake,,,,13749,13749,1,13749.3,13.749
110,J2,302,Gelonade,Shake,,,,10548,10548,1,10548,10.548
110,J2,149,Origine Kush,Shake,,,,28431,28431,1,28430.9,28.431
110,J2,386,Purple Chitral,Shake,,,,24371,24371,1,24371,24.371
110,J2,246,Mandarin,Shake,,,,21000,21000,1,21000,21
110,J2,352,Purple Chitral,Shake,,,,8805,8805,1,8805,8.805
110,J2,333,Gas Paradise,Shake,,,,9493,9493,1,9493,9.493
110,J2,304,Blue Chemo,Shake,,,,43484,43484,1,43484.3,43.484
110,J3,282,Cherry Noir,Shake,,,,16025,16025,1,16024.5,16.025
110,J3,400,Gas Paradise,Shake,,,,10677,10677,1,10676.6,10.677
110,J3,291,Banana Daddy,Shake,,,,1307,1307,1,1306.9,1.307
110,J3,208A,Mandarin,Shake,,,,1131,1131,1,1130.8,1.131
111,CELLIER,PR386393,Medellin/Purple Chitral,Shred,,,,5433,5433,1,5433,5.433
111,MIDDLE RACK,386,Purple Chitral,Popcorn/Shake,,,,5297,5297,1,5297,5.297
111,MIDDLE RACK,386,Purple Chitral,RND,,,,30,30,1,29.5,0.03
111,MIDDLE RACK,386,Purple Chitral,Jars 3.5,80,24,1,,1920,3.5,6720,6.72
111,MIDDLE RACK,286,Purple Chitral,Large Flower,,,,15397,15397,1,15396.5,15.397
111,MUR,395H,Chemdawg,Hash 3.0,21,24,1,,504,3,1512,1.512
111,MUR,399,Chemdawg,Pouches 3.5,67,24,1,,1608,3.5,5628,5.628
111,MUR,388,Medellin,Pouches 3.5,13,24,1,,312,3.5,1092,1.092
111,MUR,275PR,Medellin,Prérouler 0.35,36,48,10,,17280,0.35,6048,6.048
111,MUR,SSW23V2,Sweet N Sour,Prérouler 0.6,14,48,4,,2688,0.6,1612.8,1.613
111,MUR/RACK,399,Chemdawg,Pouches 15.0,26,12,1,,312,15,4680,4.68
111,RACK,AF0341,Apple Fritter,Pouches 28.0,11,12,1,,132,28,3696,3.696
111,RACK,269,Blue Chemo,Jars 3.5,4,24,1,,96,3.5,336,0.336
111,RACK,390,Blueberry Kush,RND,,,,3,3,1,2.7,0.003
111,RACK,390,Blueberry Kush,Jars 3.5,8,24,1,,192,3.5,672,0.672
111,RACK,368,Blueberry Kush,Jars 3.5,8,24,1,,192,3.5,672,0.672
111,RACK,NP370,Cherry Noir,Pouches 15.0,6,24,1,,144,15,2160,2.16
111,RACK,1040339-01,Liquid Imagination,Prérouler 0.75,17,48,3,,2448,0.75,1836,1.836
111,RACK,364H,Medellin,Hash 3.0,15,24,1,,360,3,1080,1.08
111,RACK,PR386393,Medellin/Purple Chitral,Prérouler 0.35,,,,3242,3242,0.35,1134.7,1.135
111,RACK,PR386393,Medellin/Purple Chitral,Prérouler 0.35,1,48,10,,480,0.35,168,0.168
111,RACK,331B,Neville Haze,Pouches 3.5,5,24,1,,120,3.5,420,0.42
111,RACK/WALL,390,Blueberry Kush,Large Flower,,,,27248,27248,1,27247.7,27.248
111,RACK/WALL,390,Blueberry Kush,Popcorn/Shake,,,,73,73,1,72.7,0.073
111,TABLETTE,2382620H,Cherry Noir/Mandarin,Hash 1.0,4,24,1,,96,1,96,0.096
166,TABLETTE,352,Purple Chitral,Jars 3.5,1,24,1,,24,3.5,84,0.084
111,TABLETTE/RACK,374,Gas Paradise,Pouches 15.0,11,12,1,,132,15,1980,1.98
111,COMMANDES,399,Chemdawg,Pouches 3.5,146,24,1,,3504,3.5,12264,12.264
111,COMMANDES,399,Chemdawg,Pouches 15.0,58,12,1,,696,15,10440,10.44
111,COMMANDES,1040339-01,Liquid Imagination,Prérouler 0.75,41,48,3,,5904,0.75,4428,4.428
111,COMMANDES,238260H,Cherry Noir/Mandarin,Hash 1.0,10,24,1,,240,1,240,0.24
111,COMMANDES,238260H,Cherry Noir/Mandarin,Hash 2.0,4,24,1,,96,2,192,0.192
111,COMMANDES,248PR,Medellin,Prérouler 0.35,11,48,10,,5280,0.35,1848,1.848
111,COMMANDES,331B,Neville Haze,Pouches 3.5,4,24,1,,96,3.5,336,0.336
111,COMMANDES,334PR,Chemdawg,Prérouler 0.6,10,48,6,,2880,0.6,1728,1.728
111,COMMANDES,368,Blueberry Kush,Jars 3.5,3,24,1,,72,3.5,252,0.252
111,COMMANDES,374,Gas Paradise,Pouches 15.0,14,12,1,,168,15,2520,2.52
111,COMMANDES,269,Blue Chemo,Jars 3.5,3,24,1,,72,3.5,252,0.252
111,COMMANDES,275PR,Medellin,Prérouler 0.35,53,48,10,,25440,0.35,8904,8.904
111,COMMANDES,364H,Medellin,Hash 3.0,11,24,1,,264,3,792,0.792
111,COMMANDES,388,Medellin,Pouches 3.5,37,24,1,,888,3.5,3108,3.108
111,COMMANDES,395H,Chemdawg,Hash 3.0,28,24,1,,672,3,2016,2.016
111,COMMANDES,AF0341,Apple Fritter,Pouches 28.0,9,12,1,,108,28,3024,3.024
111,COMMANDES,NP370,Cherry Noir,Pouches 15.0,22,24,1,,528,15,7920,7.92
111,COMMANDES,386393PR,Medellin/Purple Chitral,Prérouler 0.35,14,48,10,,6720,0.35,2352,2.352
111,COMMANDES,SD0239,Apple Fritter,Pouches 28.0,26,12,1,,312,28,8736,8.736
111,COMMANDES,SSW23V2,Sweet N Sour,Prérouler 0.6,13,48,4,,2496,0.6,1497.6,1.498
115,A1,401,Sage N Sour,Popcorn/Shake,,,,8477,8477,1,8477,8.477
115,A1,275,Medellin,RND|Prérouler 0.35,,,,89,89,0.35,31,0.031
115,A1,275,Medellin,Prérouler 0.35,11,48,10,16090,21370,0.35,7480,7.48
115,A1,185,Mandarin,Prérouler 0.6,4,48,3,,576,0.6,346,0.346
115,A1,208B,Mandarin,Jars 3.5,1,21,1,,21,3.5,74,0.074
115,A1,AF2402,Apple Fritter,Shake,,,,516,516,1,516,0.516
115,A1,AF2402,Apple Fritter,Popcorn/Shake,,,,518,518,1,518,0.518
115,A1,AF2402,Apple Fritter,RND,,,,4121,4121,1,4121,4.121
115,A1,MAC109,Alien Cookies,Large Flower,,,,2179,2179,1,2179,2.179
115,A1,MAC109,Alien Cookies,Popcorn/Shake,,,,166,166,1,166,0.166
115,A1,MAC109,Alien Cookies,RND,,,,5,5,1,5,0.005
115,A1,MAC109,Alien Cookies,Pouches 1.0,24,48,1,,1152,1,1152,1.152
115,A1,364H,Medellin,Hash 3.0,1,1,1,,1,3,3,0.003
115,A1,364H,Medellin,RND|Hash,,,,64,64,1,64,0.064
115,A1,334,Sage N Sour,RND|Prérouler 0.6,,,,297,297,0.6,178,0.178
115,A1,SSW23V2,Sweet N Sour,RND|Prérouler 0.6,,,,279,279,0.6,167,0.167
115,A1,SSW23V2,Sweet N Sour,Shred,,,,2058,2058,1,2058,2.058
115,A2,368,Blueberry Kush,Jars 3.5,4,24,1,,96,3.5,336,0.336
115,A2,368,Blueberry Kush,Popcorn,,,,1922,1922,1,1922,1.922
115,A2,368,Blueberry Kush,Popcorn/Shake,,,,1405,1405,1,1405,1.405
115,A2,368,Blueberry Kush,RND,,,,52,52,1,52,0.052
115,A2,352,Purple Chitral,Jars 3.5,16,24,1,,384,3.5,1344,1.344
115,A2,352,Purple Chitral,Large Flower,,,,20712,20712,1,20712,20.712
115,A2,352,Purple Chitral,Popcorn/Shake,,,,1732,1732,1,1732,1.732
115,A2,352,Purple Chitral,RND,,,,21,21,1,21,0.021
115,A2,399,Sage N Sour,Pouches 3.5,88,24,1,,2112,3.5,7392,7.392
115,A2,399,Sage N Sour,Large Flower,,,,11052,11052,1,11052,11.052
115,A2,399,Sage N Sour,Popcorn/Shake,,,,7737,7737,1,7737,7.737
115,A2,399,Sage N Sour,RND,,,,131,131,1,131,0.131
115,B1,331B,Neville Haze,Large Flower,,,,3094,3094,1,3094,3.094
115,B1,331B,Neville Haze,Popcorn/Shake,,,,2296,2296,1,2296,2.296
115,B1,331B,Neville Haze,RND,,,,43,43,1,43,0.043
115,B1,SD0239,Sundae Driver,Popcorn/Shake,,,,1867,1867,1,1867,1.867
115,B1,SD0239,Sundae Driver,RND,,,,57,57,1,57,0.057
115,B1,388,Medellin,Pouches 3.5,70,24,1,,1680,3.5,5880,5.88
115,B1,AF0341,Apple Fritter,Large Flower,,,,35308,35308,1,35308,35.308
115,B1,AF0341,Apple Fritter,Popcorn/Shake,,,,479,479,1,479,0.479
115,B1,AF0341,Apple Fritter,RND,,,,7,7,1,7,0.007
115,B2,NP370,Cherry Noir,Pouches 15.0,26,24,1,,624,15,9360,9.36
115,B2,ORNA-02,RND,RND|Shred,,,,44616,44616,1,44616,44.616
115,B2,AF0341,Apple Fritter,Pouches 28.0,10,12,1,,120,28,3360,3.36
115,B2,303,Sage N Sour,RND|Prérouler 0.6,,,,237,237,0.6,142,0.142
115,B2,303,Sage N Sour,Shred,,,,577,577,1,577,0.577
115,B2,386,Purple Chitral,Popcorn,,,,1523,1523,1,1523,1.523
115,B2,334,Sage N Sour,RND|Prérouler 0.6,,,,551,551,0.6,331,0.331
115,B2,334,Sage N Sour,Shred,,,,4841,4841,1,4841,4.841
115,B2,SSW23V2,Sweet N Sour,Large Flower,,,,4000,4000,1,4000,4
115,C1,269PR,Blue Chemo,Prérouler 0.35,,,,18334,18334,0.35,6417,6.417
115,C1,274PR,Blue Chemo,Prérouler 0.35,,,,14152,14152,0.35,4953,4.953
115,C1,238260H,Cherry Noir/Mandarin,Hash 1.0,26,24,1,,624,1,624,0.624
115,C1,395H,Sage N Sour,Hash 3.0,62,24,1,,1488,3,4464,4.464
115,C1,269,Blue Chemo,Jars 3.5,11,24,1,,264,3.5,924,0.924
115,C1,269,Blue Chemo,Large Flower,,,,8227,8227,1,8227,8.227
115,C1,269,Blue Chemo,Popcorn/Shake,,,,1311,1311,1,1311,1.311
115,C1,269,Blue Chemo,RND,,,,91,91,1,91,0.091
115,C2,238260H,Cherry Noir/Mandarin,Hash 2.0,10,24,1,,240,2,480,0.48
115,C2,NP342,Cherry Noir,RND|Shred,,,,319,319,1,319,0.319
115,C2,PNL-S03,Platinum Northen Lights,RND|Shred,,,,200,200,1,200,0.2
115,C2,372,Sage N Sour,RND|Hash,,,,17,17,1,17,0.017
115,C2,334PR,Sage N Sour,RND|Prérouler 0.6,,,,24,24,0.6,14,0.014
115,C2,NP370,Cherry Noir,RND|Shred,,,,82,82,1,82,0.082
115,C2,387365H,Sage N Sour,RND|Hash,,,,22,22,1,22,0.022
115,C2,364H,Medellin,RND|Hash,,,,26,26,1,26,0.026
115,C2,238260H,Cherry Noir/Mandarin,RND|Hash,,,,20,20,1,20,0.02
115,C2,PNL-S03,Platinum Northen Lights,Pouches 28.0,1,12,1,,12,28,336,0.336
115,C2,250PR,Blue Chemo,Prérouler 0.35,,,,473,473,0.35,166,0.166
115,C2,250PR,Blue Chemo,RND|Prérouler 0.35,,,,256,256,0.35,90,0.09
115,C2,265PR,Blue Chemo,Prérouler 0.35,,,,26900,26900,0.35,9415,9.415
115,C2,250PR,Blue Chemo,Prérouler 0.35,21,48,3,,3024,0.35,1058,1.058
115,C2,374,Gas Paradise,Large Flower,,,,9209,9209,1,9209,9.209
115,C2,374,Gas Paradise,Popcorn/Shake,,,,5502,5502,1,5502,5.502
115,C2,374,Gas Paradise,RND,,,,56,56,1,56,0.056
115,D1,249,Sage N Sour,Popcorn/Shake,,,,9341,9341,1,9341,9.341
115,D1,249,Sage N Sour,RND,,,,78,78,1,78,0.078
115,D1,245,Sage N Sour,Large Flower,,,,1861,1861,1,1861,1.861
115,D1,245,Sage N Sour,Popcorn/Shake,,,,7306,7306,1,7306,7.306
115,D1,245,Sage N Sour,RND,,,,4,4,1,4,0.004
115,D1,372,Sage N Sour,Popcorn/Shake,,,,13385,13385,1,13385,13.385
115,D1,343,Sage N Sour,Popcorn/Shake,,,,15904,15904,1,15904,15.904
115,D1,395,Sage N Sour,Popcorn/Shake,,,,28266,28266,1,28266,28.266
115,D1,384,Sage N Sour,Popcorn/Shake,,,,22646,22646,1,22646,22.646
115,D1,384,Sage N Sour,RND,,,,129,129,1,129,0.129
115,D1,AF2402,Apple Fritter,Shake,,,,5383,5383,1,5383,5.383
115,D1,AF2402,Apple Fritter,RND,,,,153,153,1,153,0.153
115,D1,387,Sage N Sour,Popcorn/Shake,,,,19230,19230,1,19230,19.23
115,D1,387,Sage N Sour,RND,,,,189,189,1,189,0.189
115,D2,208B,Mandarin,Popcorn/Shake,,,,3076,3076,1,3076,3.076
115,D2,208B,Mandarin,RND,,,,60,60,1,60,0.06
115,D2,208B,Mandarin,Large Flower,,,,9199,9199,1,9199,9.199
115,D2,212,Blue Chemo,Large Flower,,,,2447,2447,1,2447,2.447
115,D2,212,Blue Chemo,Popcorn,,,,1100,1100,1,1100,1.1
115,D2,212,Blue Chemo,Shake,,,,1432,1432,1,1432,1.432
115,D2,212,Blue Chemo,RND,,,,31,31,1,31,0.031
115,D2,233,Mandarin,Popcorn/Shake,,,,5739,5739,1,5739,5.739
115,D2,250,Blue Chemo,Large Flower,,,,5540,5540,1,5540,5.54
115,D2,250,Blue Chemo,RND,,,,118,118,1,118,0.118
115,D2,265,Blue Chemo,Popcorn/Shake,,,,3445,3445,1,3445,3.445
115,D2,265,Blue Chemo,RND,,,,50,50,1,50,0.05
115,D2,331A,Neville Haze,Popcorn/Shake,,,,1894,1894,1,1894,1.894
115,D2,331A,Neville Haze,RND,,,,36,36,1,36,0.036
115,D2,AF2401,Apple Fritter,RND,,,,3007,3007,1,3007,3.007
115,D2,AF2401,Apple Fritter,Popcorn/Shake,,,,3790,3790,1,3790,3.79
115,D2,185,Mandarin,RND|Prérouler 0.6,,,,1328,1328,0.6,797,0.797
115,D2,185,Mandarin,Shred,,,,404,404,1,404,0.404
115,E1,AF2401,Apple Fritter,Popcorn,,,,7758,7758,1,7758,7.758
115,E1,208A,Mandarin,Large Flower,,,,5168,5168,1,5168,5.168
115,E1,208A,Mandarin,Popcorn/Shake,,,,104,104,1,104,0.104
115,E1,MIX2023,RND,RND|Popcorn,,,,21842,21842,1,21842,21.842
115,E1,MIXED,Sage N Sour,RND|Shake,,,,1459,1459,1,1459,1.459
115,E1,289,Gelonade,Pouches 3.5,1,205,1,,205,3.5,718,0.718
115,E1,AC1,Stargazer,Pouches 3.5,1,30,1,,30,3.5,105,0.105
115,E1,159,Cherry Noir,Pouches 15.0,1,1,1,,1,15,15,0.015
115,E1,203,Sage N Sour,Pouches 3.5,1,1,1,,1,3.5,4,0.004
115,E1,160,Sage N Sour,Pouches 3.5,1,1,1,,1,3.5,4,0.004
115,E1,155,Sage N Sour,Pouches 3.5,1,16,1,,16,3.5,56,0.056
115,E1,1002421,Medellin,RND,,,,998,998,1,998,0.998
115,E1,303,Sage N Sour,Pouches 3.5,1,1,1,,1,3.5,4,0.004
115,E1,303,Sage N Sour,RND,,,,159,159,1,159,0.159
115,E1,159185,Cherry Noir/Mandarin,Hash 1.0,1,15,1,,15,1,15,0.015
115,E1,213,Mandarin,RND,,,,238,238,1,238,0.238
115,E1,185,Mandarin,RND,,,,79,79,1,79,0.079
115,E1,306,Medellin,RND,,,,121,121,1,121,0.121
115,E1,245,Sage N Sour,RND,,,,44,44,1,44,0.044
115,E1,372,Sage N Sour,RND,,,,114,114,1,114,0.114
115,E1,343,Sage N Sour,RND,,,,216,216,1,216,0.216
115,E1,204,Blue Chemo,RND,,,,1233,1233,1,1233,1.233
115,E1,248,Medellin,RND,,,,173,173,1,173,0.173
115,E1,247,Sage N Sour,RND,,,,119,119,1,119,0.119
115,E1,270,Medellin,Pouches 7.0,1,1,1,,1,7,7,0.007
115,E1,270,Medellin,RND,,,,46,46,1,46,0.046
115,E1,275,Medellin,RND,,,,150,150,1,150,0.15
115,E1,272,Sage N Sour,RND,,,,240,240,1,240,0.24
115,E1,L202401,Lemonatti,Shake,,,,175,175,1,175,0.175
115,E1,MAC91,Alien Cookies,RND,,,,42,42,1,42,0.042
115,E1,334,Sage N Sour,RND,,,,202,202,1,202,0.202
115,E1,MAC97,Alien Cookies,RND|Large Flower,,,,83,83,1,83,0.083
115,E1,MAC97,Alien Cookies,RND|Popcorn/shake,,,,40,40,1,40,0.04
115,E1,246,Mandarin,Pouches 3.5,1,18,1,,18,3.5,63,0.063
115,E1,208210H,Cherry Noir/Mandarin,Hash 2.0,1,120,1,,120,2,240,0.24
115,E1,277H,Sage N Sour,Hash 3.0,1,72,1,,72,3,216,0.216
115,E1,277H2,Sage N Sour,Hash 3.0,1,1,1,,1,3,3,0.003
115,E1,207,Sage N Sour,Pouches 3.5,1,1,1,,1,3.5,4,0.004
115,E1,237,Sage N Sour,Pouches 15.0,1,1,1,,1,15,15,0.015
115,E1,115181H,Sage N Sour,Hash 3.0,1,26,1,,26,3,78,0.078
115,E1,115181H,Sage N Sour,RND|Hash,,,,31,31,1,31,0.031
115,E1,215217H,Sage N Sour,RND|Hash,,,,536,536,1,536,0.536
115,E1,204,Blue Chemo,Prérouler 0.35,1,25,3,,75,0.35,26,0.026
115,E1,11,Sage N Sour,Prérouler 0.6,1,240,6,,1440,0.6,864,0.864
115,E1,140,Sage N Sour,Prérouler 0.6,1,33,6,,198,0.6,119,0.119
115,E1,125,Sage N Sour,Prérouler 0.6,1,8,6,,48,0.6,29,0.029
115,E1,12,Sage N Sour,Prérouler 0.6,1,62,6,,372,0.6,223,0.223
115,E1,EXLQBXZTWNO5JR,Cherry Noir/Mandarin,RND|Hash,,,,176,176,1,176,0.176
115,E1,EXLOS2ZCA4GYRN,Cherry Noir/Mandarin,RND|Hash,,,,167,167,1,167,0.167
115,E1,12,Sage N Sour,RND|Prérouler 0.6,,,,850,850,0.6,510,0.51
115,E1,249,Sage N Sour,RND|Prérouler 0.6,,,,1009,1009,0.6,605,0.605
115,E1,PR22039,Sage N Sour,RND|Hash,,,,227,227,1,227,0.227
115,E1,259,Sage N Sour,RND|Prérouler 0.6,,,,500,500,0.6,300,0.3
115,E1,151-152,Sage N Sour,RND|Prérouler 0.6,,,,379,379,0.6,227,0.227
115,E1,204,Blue Chemo,RND|Prérouler 0.35,,,,1768,1768,0.35,619,0.619
115,E1,185PR,Mandarin,RND|Prérouler 0.6,,,,148,148,0.6,89,0.089
115,E1,13,Sage N Sour,Prérouler 0.6,1,114,6,,684,0.6,410,0.41
115,E1,13,Sage N Sour,RND|Prérouler 0.6,,,,8,8,0.6,5,0.005
115,E1,122,Sage N Sour,Prérouler 0.6,1,16,3,,48,0.6,29,0.029
115,E1,181,Sage N Sour,Prérouler 0.6,1,13,6,,78,0.6,47,0.047
115,E1,181,Sage N Sour,RND|Prérouler 0.6,,,,105,105,0.6,63,0.063
115,E1,112,Sage N Sour,Prérouler 0.6,1,34,6,,204,0.6,122,0.122
115,E1,112,Sage N Sour,RND|Prérouler 0.6,,,,48,48,0.6,29,0.029
115,E1,180,Sage N Sour,Prérouler 0.6,1,7,6,,42,0.6,25,0.025
115,E1,180,Sage N Sour,RND|Prérouler 0.6,,,,4,4,0.6,2,0.002
115,E1,160,Sage N Sour,Prérouler 0.6,1,51,6,,306,0.6,184,0.184
115,E1,160,Sage N Sour,RND|Prérouler 0.6,,,,57,57,0.6,34,0.034
115,E1,127,Sage N Sour,Prérouler 0.6,1,8,6,,48,0.6,29,0.029
115,E1,127,Sage N Sour,RND|Prérouler 0.6,,,,410,410,0.6,246,0.246
115,E1,178,Sage N Sour,Prérouler 0.6,1,8,6,,48,0.6,29,0.029
115,E1,178,Sage N Sour,RND|Prérouler 0.6,,,,76,76,0.6,46,0.046
115,E1,150,Sage N Sour,Prérouler 0.6,1,21,6,,126,0.6,76,0.076
115,E1,153,Sage N Sour,Prérouler 0.6,1,44,6,,264,0.6,158,0.158
115,E1,153,Sage N Sour,RND|Prérouler 0.6,,,,60,60,0.6,36,0.036
115,E1,158,Sage N Sour,Prérouler 0.6,1,1,6,,6,0.6,4,0.004
115,E1,158,Sage N Sour,RND|Prérouler 0.6,,,,167,167,0.6,100,0.1
115,E1,155,Sage N Sour,Prérouler 0.6,1,33,6,,198,0.6,119,0.119
115,E1,155,Sage N Sour,RND|Prérouler 0.6,,,,2,2,0.6,1,0.001
115,E1,140,Sage N Sour,RND|Prérouler 0.6,,,,82,82,0.6,49,0.049
115,E1,M0014,Sage N Sour,RND|Prérouler 0.6,,,,14,14,0.6,8,0.008
115,E1,129,Sage N Sour,RND|Prérouler 0.6,,,,2,2,0.6,1,0.001
115,E1,197,Sage N Sour,RND|Prérouler 0.6,,,,368,368,0.6,221,0.221
115,E1,101,Sage N Sour,RND|Prérouler 0.6,,,,378,378,0.6,227,0.227
115,E1,154,Sage N Sour,Prérouler 0.6,1,41,6,,246,0.6,148,0.148
115,E1,154,Sage N Sour,RND|Prérouler 0.6,,,,20,20,0.6,12,0.012
115,E1,173,Sage N Sour,Prérouler 0.6,1,44,6,,264,0.6,158,0.158
115,E1,173,Sage N Sour,RND|Prérouler 0.6,,,,236,236,0.6,142,0.142
115,E1,132,Sage N Sour,Prérouler 0.6,1,45,6,,270,0.6,162,0.162
115,E1,132,Sage N Sour,RND|Prérouler 0.6,,,,2,2,0.6,1,0.001
115,E1,172,Sage N Sour,Prérouler 0.6,1,37,6,,222,0.6,133,0.133
115,E1,172,Sage N Sour,RND|Prérouler 0.6,,,,37,37,0.6,22,0.022
115,E1,151-152,Sage N Sour,Prérouler 0.6,1,48,6,,288,0.6,173,0.173
115,E1,151-152,Sage N Sour,RND|Prérouler 0.6,,,,154,154,0.6,92,0.092
115,E1,11,Sage N Sour,Prérouler 0.6,1,3,6,,18,0.6,11,0.011
115,E1,11,Sage N Sour,RND|Prérouler 0.6,,,,3752,3752,0.6,2251,2.251
115,E1,209,Sage N Sour,Prérouler 1.0,1,299,1,,299,1,299,0.299
115,E1,98,Mandarin,Prérouler 0.6,1,5,3,,15,0.6,9,0.009
115,E1,98,Mandarin,RND|Prérouler 0.6,,,,605,605,0.6,363,0.363
115,E1,115,Mandarin,RND|Prérouler 0.6,,,,102,102,0.6,61,0.061
115,E1,179,Mandarin,Prérouler 0.6,1,7,3,,21,0.6,13,0.013
115,E1,179,Mandarin,RND|Prérouler 0.6,,,,4,4,0.6,2,0.002
115,E1,185,Mandarin,Prérouler 0.6,1,2,3,,6,0.6,4,0.004
115,E1,185,Mandarin,RND|Prérouler 0.6,,,,317,317,0.6,190,0.19
115,E1,242,Blue Chemo,Prérouler 0.35,1,3,3,,9,0.35,3,0.003
115,E1,242,Blue Chemo,RND|Prérouler 0.35,,,,241,241,0.35,84,0.084
115,E1,212,Blue Chemo,Prérouler 0.35,1,6,3,,18,0.35,6,0.006
115,E1,212,Blue Chemo,RND|Prérouler 0.35,,,,390,390,0.35,137,0.137
115,E1,266,Sage N Sour,Pouches 3.5,1,48,1,,48,3.5,168,0.168
115,E1,210208,Cherry Noir/Mandarin,Prérouler 1.0,1,132,2,,264,1,264,0.264
115,E1,210208,Cherry Noir/Mandarin,RND|Prérouler 1.0,,,,2,2,1,2,0.002
115,E1,210208B,Cherry Noir/Mandarin,RND|Prérouler 1.0,,,,3810,3810,1,3810,3.81
115,E1,281,Sage N Sour,RND|Prérouler 0.6,,,,1289,1289,0.6,773,0.773
115,E1,217,Sage N Sour,RND|Prérouler 0.6,,,,298,298,0.6,179,0.179
115,E1,237,Sage N Sour,RND|Prérouler 0.6,,,,281,281,0.6,169,0.169
115,E1,277,Sage N Sour,RND|Prérouler 0.6,,,,229,229,0.6,137,0.137
115,E1,235,Sage N Sour,RND|Prérouler 0.6,,,,518,518,0.6,311,0.311
115,E1,266,Sage N Sour,RND|Prérouler 0.6,,,,651,651,0.6,391,0.391
115,E1,272,Sage N Sour,Prérouler 0.6,1,1,6,,6,0.6,4,0.004
115,E1,272,Sage N Sour,RND|Prérouler 0.6,,,,1369,1369,0.6,821,0.821
115,E1,284,Sage N Sour,RND|Prérouler 0.6,,,,2889,2889,0.6,1733,1.733
115,E1,239,Sage N Sour,RND|Prérouler 0.6,,,,46,46,0.6,28,0.028
115,E1,207,Sage N Sour,RND|Prérouler 0.6,,,,8,8,0.6,5,0.005
115,E1,243154,Sage N Sour,RND|Prérouler 0.6,,,,182,182,0.6,109,0.109
115,E1,241,Sage N Sour,Prérouler 0.6,1,1,6,,6,0.6,4,0.004
115,E1,241,Sage N Sour,RND|Prérouler 0.6,,,,38,38,0.6,23,0.023
115,E1,209,Sage N Sour,Prérouler 0.6,1,29,6,,174,0.6,104,0.104
115,E1,209,Sage N Sour,RND|Prérouler 0.6,,,,22,22,0.6,13,0.013
115,E1,247,Sage N Sour,Prérouler 0.6,1,2,6,,12,0.6,7,0.007
115,E1,247,Sage N Sour,RND|Prérouler 0.6,,,,530,530,0.6,318,0.318
115,E1,212,Blue Chemo,Jars 3.5,1,13,1,,13,3.5,46,0.046
115,E1,204,Blue Chemo,Jars 3.5,1,6,1,,6,3.5,21,0.021
115,E1,208B,Mandarin,Jars 3.5,1,31,1,,31,3.5,109,0.109
115,E1,179,Mandarin,Jars 3.5,1,27,1,,27,3.5,95,0.095
115,E1,208A,Mandarin,Jars 3.5,1,61,1,,61,3.5,214,0.214
115,E1,185,Mandarin,Jars 3.5,1,80,1,,80,3.5,280,0.28
115,E1,250,Blue Chemo,Jars 3.5,1,238,1,,238,3.5,833,0.833
115,E1,98,Mandarin,Jars 3.5,1,217,1,,217,3.5,760,0.76
115,E1,115,Mandarin,Jars 3.5,1,26,1,,26,3.5,91,0.091
115,E1,233C,Mandarin,Jars 3.5,1,47,1,,47,3.5,165,0.165
115,E1,SH443,Sherbacio,Jars 3.5,1,16,1,,16,3.5,56,0.056
115,E2,141,Sage N Sour,Pouches 14.0,1,122,1,,122,14,1708,1.708
115,E2,248,Medellin,RND|Prérouler 0.35,,,,1834,1834,0.35,642,0.642
115,E2,301,Gas Paradise,Popcorn/Shake,,,,7485,7485,1,7485,7.485
115,E2,301,Gas Paradise,RND,,,,144,144,1,144,0.144
115,E2,280,Gas Paradise,Popcorn/Shake,,,,6611,6611,1,6611,6.611
115,E2,280,Gas Paradise,RND,,,,113,113,1,113,0.113
115,E2,306,Medellin,Popcorn/Shake,,,,6225,6225,1,6225,6.225
115,E2,270,Medellin,Popcorn/Shake,,,,3339,3339,1,3339,3.339
115,E2,270,Medellin,RND,,,,40,40,1,40,0.04
115,E2,275,Medellin,Popcorn/Shake,,,,5872,5872,1,5872,5.872
115,E2,333,Gas Paradise,Popcorn/Shake,,,,2682,2682,1,2682,2.682
115,E2,333,Gas Paradise,RND,,,,57,57,1,57,0.057
115,E2,364,Medellin,Large Flower,,,,4188,4188,1,4188,4.188
115,E2,364,Medellin,Popcorn/Shake,,,,49,49,1,49,0.049
115,E2,246,Mandarin,Popcorn/Shake,,,,10516,10516,1,10516,10.516
115,E2,246,Mandarin,RND,,,,203,203,1,203,0.203
115,E2,MIXED,Sage N Sour,RND|Large Flower,,,,1003,1003,1,1003,1.003
115,E2,MIXED,Sage N Sour,RND|Popcorn,,,,1076,1076,1,1076,1.076
115,E2,MIXED,Sage N Sour,RND|Shake,,,,903,903,1,903,0.903
115,E2,289,Gelonade,Large Flower,,,,11194,11194,1,11194,11.194
115,E2,289,Gelonade,Popcorn/Shake,,,,2953,2953,1,2953,2.953
115,E2,289,Gelonade,RND,,,,33,33,1,33,0.033
115,E2,207,Sage N Sour,Popcorn,,,,795,795,1,795,0.795
115,E2,207,Sage N Sour,Shake,,,,412,412,1,412,0.412
115,E2,203,Sage N Sour,Popcorn/Shake,,,,996,996,1,996,0.996
115,E2,209,Sage N Sour,Popcorn,,,,1194,1194,1,1194,1.194
115,E2,209,Sage N Sour,Shake,,,,472,472,1,472,0.472
115,E2,283,Blue Chemo,Popcorn/Shake,,,,5997,5997,1,5997,5.997
115,E2,283,Blue Chemo,RND,,,,68,68,1,68,0.068
115,E2,23FLH01,Sage N Sour,Large Flower,,,,4555,4555,1,4555,4.555
115,E2,23FLH01,Sage N Sour,Shake,,,,1567,1567,1,1567,1.567
115,F1,399,Chemdawg,Large Flower,,,,54000,54000,1,54000,54
115,F1,399,Chemdawg,Popcorn,,,,16529,16529,1,16529,16.529
115,F1,428,Chemdawg,Shake,,,,39231,39231,1,39231,39.231
115,F1,428,Chemdawg,Popcorn,,,,16216,16216,1,16216,16.216
115,F1,428,Chemdawg,Large Flower,,,,85016,85016,1,85016,85.016
115,F2,336,Gas Paradise,Popcorn,,,,8838,8838,1,8838,8.838
115,F2,336,Gas Paradise,Shake,,,,18108,18108,1,18108,18.108
115,F2,336,Gas Paradise,Large Flower,,,,21753,21753,1,21753,21.753
115,F2,343,Chemdawg,Popcorn,,,,28489,28489,1,28489,28.489
115,F2,420,Sage N Sour,Large Flower,,,,51303,51303,1,51303,51.303
115,F2,420,Sage N Sour,Shake,,,,23953,23953,1,23953,23.953
115,F2,420,Sage N Sour,Popcorn,,,,9797,9797,1,9797,9.797
115,F2,AF3770,Apple Fritter,Large Flower,,,,37339,37339,1,37339,37.339
115,F2,269,Blue Chemo,Large Flower,,,,6000,6000,1,6000,6
115,F2,269,Blue Chemo,Popcorn/Shake,,,,2971,2971,1,2971,2.971
115,F2,269,Blue Chemo,Popcorn,,,,6097,6097,1,6097,6.097
115,RACK_ENTRÉE,204PR,Blue Chemo,RND|Prérouler 0.35,,,,2645,2645,0.35,926,0.926
115,RACK_ENTRÉE,GP447,Gas Paradise,Graines,,,,3,3,1,3,0.003
115,RACK_ENTRÉE,284,Sage N Sour,Graines,,,,16,16,1,16,0.016
115,RACK_ENTRÉE,266,Sage N Sour,Graines,,,,6,6,1,6,0.006
115,RACK_ENTRÉE,259,Sage N Sour,Graines,,,,7,7,1,7,0.007
115,F1,372,Sage N Sour,Popcorn,,,,23948,23948,1,23948,23.948
115,G1,1000416,ICC Sorbet,Large Flower,,,,23103,23103,1,23103,23.103
115,F2_SQDC,242,Blue Chemo,Jars 3.5,1,5,1,,5,3.5,18,0.018
115,F2_SQDC,250,Blue Chemo,Jars 3.5,1,4,1,,4,3.5,14,0.014
115,F2_SQDC,283,Blue Chemo,Jars 3.5,1,1,1,,1,3.5,4,0.004
115,F2_SQDC,98,Mandarin,Jars 3.5,1,2,1,,2,3.5,7,0.007
115,F2_SQDC,204,Blue Chemo,Jars 3.5,1,3,1,,3,3.5,11,0.011
115,F2_SQDC,352,Purple Chitral,Jars 3.5,1,2,1,,2,3.5,7,0.007
115,F2_SQDC,265,Blue Chemo,Jars 3.5,1,2,1,,2,3.5,7,0.007
115,F2_SQDC,208B,Mandarin,Jars 3.5,1,1,1,,1,3.5,4,0.004
115,F2_SQDC,289,Gelonade,Pouches 3.5,1,1,1,,1,3.5,4,0.004
115,F2_SQDC,275,Medellin,Pouches 3.5,1,2,1,,2,3.5,7,0.007
115,F2_SQDC,INCONNU,Medellin,Pouches 3.5,1,1,1,,1,3.5,4,0.004
115,F2_SQDC,231,Medellin,Pouches 3.5,1,1,1,,1,3.5,4,0.004
115,F2_SQDC,233,Purple Kush Cookies,Pouches 3.5,1,1,1,,1,3.5,4,0.004
115,F2_SQDC,MD448,Medellin,Pouches 3.5,1,1,1,,1,3.5,4,0.004
115,F2_SQDC,331A,Neville Haze,Pouches 3.5,1,2,1,,2,3.5,7,0.007
115,F2_SQDC,246,Purple Kush Cookies,Pouches 3.5,1,1,1,,1,3.5,4,0.004
115,F2_SQDC,INCONNU,Inconnu,Pouches 3.5,1,1,1,,1,3.5,4,0.004
115,F2_SQDC,388,Medellin,Pouches 3.5,1,1,1,,1,3.5,4,0.004
115,F2_SQDC,306,Medellin,Pouches 3.5,1,1,1,,1,3.5,4,0.004
115,F2_SQDC,248,Medellin,Pouches 3.5,1,3,1,,3,3.5,11,0.011
115,F2_SQDC,270,Medellin,Pouches 3.5,1,1,1,,1,3.5,4,0.004
115,F2_SQDC,179,Mandarin,Prérouler 0.6,1,28,3,,84,0.6,50,0.05
115,F2_SQDC,204,Blue Chemo,Prérouler 0.35,1,3,3,,9,0.35,3,0.003
115,F2_SQDC,115,Mandarin,Prérouler 0.6,1,4,3,,12,0.6,7,0.007
115,F2_SQDC,242,Blue Chemo,Prérouler 0.35,1,3,3,,9,0.35,3,0.003
115,F2_SQDC,INCONNU,Mandarin,Prérouler 0.6,1,5,3,,15,0.6,9,0.009
115,F2_SQDC,208210,Cherry Noir/Mandarin,Hash 2.0,1,2,1,,2,2,4,0.004
115,F2_SQDC,176208,Cherry Noir/Mandarin,Hash 1.0,1,4,1,,4,1,4,0.004
115,F2_SQDC,213210,Cherry Noir/Mandarin,Hash 1.0,1,1,1,,1,1,1,0.001
115,F2_SQDC,179201,Cherry Noir/Mandarin,Hash 1.0,1,1,1,,1,1,1,0.001
115,F2_SQDC,INCONNU,Cherry Noir/Mandarin,Hash 1.0,1,4,1,,4,1,4,0.004
115,F2_SQDC,NP342,Cherry Noir,Pouches 15.0,1,3,1,,3,15,45,0.045
115,F2_SQDC,INCONNU,Cherry Noir,Pouches 15.0,1,2,1,,2,15,30,0.03
115,F2_SQDC,NP290,Cherry Noir,Pouches 15.0,1,4,1,,4,15,60,0.06
115,F2_SQDC,280,Gas Paradise,Pouches 15.0,1,1,1,,1,15,15,0.015
115,F2_SQDC,301,Gas Paradise,Pouches 15.0,1,2,1,,2,15,30,0.03
115,F2_SQDC,372,Sage N Sour,Pouches 3.5,1,1,1,,1,3.5,4,0.004
115,F2_SQDC,384,Sage N Sour,Pouches 3.5,1,1,1,,1,3.5,4,0.004
115,F2_SQDC,388,Sage N Sour,Pouches 3.5,1,1,1,,1,3.5,4,0.004
115,F2_SQDC,303,Sage N Sour,Pouches 3.5,1,1,1,,1,3.5,4,0.004
115,F2_SQDC,343,Sage N Sour,Pouches 3.5,1,1,1,,1,3.5,4,0.004
115,F2_SQDC,INCONNU,Sage N Sour,Pouches 3.5,1,17,1,,17,3.5,60,0.06
115,F2_SQDC,281266H,Sage N Sour,Hash 3.0,1,4,1,,4,3,12,0.012
115,F2_SQDC,INCONNU,Sage N Sour,Hash 3.0,1,8,1,,8,3,24,0.024
115,F2_SQDC,172178H,Sage N Sour,Hash 3.0,1,1,1,,1,3,3,0.003
115,F2_SQDC,217232H,Sage N Sour,Hash 3.0,1,1,1,,1,3,3,0.003
115,F2_SQDC,343H,Sage N Sour,Hash 3.0,1,3,1,,3,3,9,0.009
115,F2_SQDC,247239H,Sage N Sour,Hash 3.0,1,1,1,,1,3,3,0.003
115,F2_SQDC,277H2,Sage N Sour,Hash 3.0,1,1,1,,1,3,3,0.003
115,F2_SQDC,215217H,Sage N Sour,Hash 3.0,1,1,1,,1,3,3,0.003
115,F2_SQDC,334244H,Sage N Sour,Hash 3.0,1,1,1,,1,3,3,0.003
115,F2_SQDC,303H,Sage N Sour,Hash 3.0,1,3,1,,3,3,9,0.009
115,F2_SQDC,173H,Sage N Sour,Hash 3.0,1,1,1,,1,3,3,0.003
115,F2_SQDC,154H,Sage N Sour,Hash 3.0,1,1,1,,1,3,3,0.003
115,F2_SQDC,209H,Sage N Sour,Hash 3.0,1,2,1,,2,3,6,0.006
115,F2_SQDC,277H2,Sage N Sour,Hash 3.0,1,1,1,,1,3,3,0.003
115,F2_SQDC,232,Sage N Sour,Pouches 3.5,1,3,1,,3,3.5,11,0.011
115,F2_SQDC,235,Sage N Sour,Pouches 3.5,1,2,1,,2,3.5,7,0.007
115,F2_SQDC,259,Sage N Sour,Pouches 3.5,1,2,1,,2,3.5,7,0.007
115,F2_SQDC,272,Sage N Sour,Pouches 3.5,1,1,1,,1,3.5,4,0.004
115,F2_SQDC,281,Sage N Sour,Pouches 3.5,1,5,1,,5,3.5,18,0.018
115,F2_SQDC,155,Sage N Sour,Pouches 3.5,1,15,1,,15,3.5,53,0.053
115,F2_SQDC,277,Sage N Sour,Pouches 3.5,1,3,1,,3,3.5,11,0.011
115,F2_SQDC,266,Sage N Sour,Pouches 3.5,1,12,1,,12,3.5,42,0.042
115,F2_SQDC,207,Sage N Sour,Pouches 3.5,1,8,1,,8,3.5,28,0.028
115,F2_SQDC,372,Sage N Sour,Pouches 3.5,1,1,1,,1,3.5,4,0.004
115,F2_SQDC,211,Sage N Sour,Pouches 3.5,1,2,1,,2,3.5,7,0.007
115,F2_SQDC,155,Sage N Sour,Pouches 3.5,1,19,1,,19,3.5,67,0.067
115,F2_SQDC,INCONNU,Sage N Sour,Pouches 3.5,1,1,1,,1,3.5,4,0.004
115,F2_SQDC,207,Sage N Sour,Pouches 3.5,1,5,1,,5,3.5,18,0.018
115,F2_SQDC,266,Sage N Sour,Pouches 3.5,1,1,1,,1,3.5,4,0.004
115,F2_SQDC,197,Sage N Sour,Pouches 3.5,1,1,1,,1,3.5,4,0.004
115,F2_SQDC,215,Sage N Sour,Pouches 3.5,1,3,1,,3,3.5,11,0.011
115,F2_SQDC,272,Sage N Sour,Pouches 3.5,1,1,1,,1,3.5,4,0.004
115,F2_SQDC,217,Sage N Sour,Pouches 3.5,1,2,1,,2,3.5,7,0.007
115,F2_SQDC,284,Sage N Sour,Pouches 3.5,1,2,1,,2,3.5,7,0.007
115,F2_SQDC,153,Sage N Sour,Pouches 3.5,1,1,1,,1,3.5,4,0.004
115,F2_SQDC,209,Sage N Sour,Pouches 3.5,1,1,1,,1,3.5,4,0.004
115,F2_SQDC,181,Sage N Sour,Pouches 15.0,1,1,1,,1,15,15,0.015
115,F2_SQDC,217,Sage N Sour,Pouches 15.0,1,7,1,,7,15,105,0.105
115,F2_SQDC,INCONNU,Sage N Sour,Pouches 15.0,1,2,1,,2,15,30,0.03
115,F2_SQDC,180,Sage N Sour,Pouches 15.0,1,2,1,,2,15,30,0.03
115,F2_SQDC,M0014,Sage N Sour,Pouches 15.0,1,3,1,,3,15,45,0.045
115,F2_SQDC,237,Sage N Sour,Pouches 15.0,1,1,1,,1,15,15,0.015
115,F2_SQDC,209,Sage N Sour,Pouches 15.0,1,1,1,,1,15,15,0.015
115,F2_SQDC,334,Sage N Sour,Pouches 15.0,1,3,1,,3,15,45,0.045
115,F2_SQDC,281,Sage N Sour,Pouches 15.0,1,1,1,,1,15,15,0.015
115,F2_SQDC,173,Sage N Sour,Pouches 15.0,1,1,1,,1,15,15,0.015
115,F2_SQDC,MIXED,Sage N Sour,Prérouler 0.6,1,58,1,,58,0.6,35,0.035
115,F2_SQDC,MIXED,Sage N Sour,Prérouler 0.6,1,19,6,,114,0.6,68,0.068
115,F2_SQDC,248PR,Medellin,Prérouler 0.35,1,14,1,,14,0.35,5,0.005
115,F2_SQDC,231,Medellin,Pouches 3.5,1,13,1,,13,3.5,46,0.046
115,F2_SQDC,233,Mandarin,Pouches 3.5,1,2,1,,2,3.5,7,0.007
115,F2_SQDC,238,Mandarin,Pouches 3.5,1,1,1,,1,3.5,4,0.004
115,F2_SQDC,INCONNU,Inconnu,Pouches 3.5,1,1,1,,1,3.5,4,0.004
115,F2_SQDC,GP446,Gas Paradise,Pouches 3.5,1,1,1,,1,3.5,4,0.004
115,F2_SQDC,GP447,Gas Paradise,Pouches 3.5,1,1,1,,1,3.5,4,0.004
115,F2_SQDC,GP450,Gas Paradise,Pouches 3.5,1,9,1,,9,3.5,32,0.032
115,F2_SQDC,217,Sage N Sour,Pouches 3.5,1,1,1,,1,3.5,4,0.004
115,F2_SQDC,11,Sage N Sour,Pouches 3.5,1,1,1,,1,3.5,4,0.004
115,F2_SQDC,M0014,Sage N Sour,Pouches 3.5,1,1,1,,1,3.5,4,0.004
115,F2_SQDC,150,Sage N Sour,Pouches 3.5,1,1,1,,1,3.5,4,0.004
115,F2_SQDC,114,Sage N Sour,Pouches 3.5,1,1,1,,1,3.5,4,0.004
115,F2_SQDC,153,Sage N Sour,Pouches 3.5,1,2,1,,2,3.5,7,0.007
115,F2_SQDC,158,Sage N Sour,Pouches 3.5,1,2,1,,2,3.5,7,0.007
115,F2_SQDC,160,Sage N Sour,Pouches 3.5,1,3,1,,3,3.5,11,0.011
115,F2_SQDC,173,Sage N Sour,Pouches 3.5,1,1,1,,1,3.5,4,0.004
115,F2_SQDC,181,Sage N Sour,Pouches 3.5,1,3,1,,3,3.5,11,0.011
115,F2_SQDC,197,Sage N Sour,Pouches 3.5,1,1,1,,1,3.5,4,0.004
115,F2_SQDC,203,Sage N Sour,Pouches 3.5,1,4,1,,4,3.5,14,0.014
115,F2_SQDC,211,Sage N Sour,Pouches 3.5,1,1,1,,1,3.5,4,0.004
115,F2_SQDC,215,Sage N Sour,Pouches 3.5,1,3,1,,3,3.5,11,0.011
115,F2_SQDC,209,Sage N Sour,Pouches 3.5,1,8,1,,8,3.5,28,0.028
115,F2_SQDC,GP450,Gas Paradise,Pouches 3.5,1,29,1,,29,3.5,102,0.102
115,F2_SQDC,217,Sage N Sour,Pouches 3.5,1,24,1,,24,3.5,84,0.084
115,G1,388,Medellin,Large Flower,,,,4560,4560,1,4560,4.56
115,G1,388,Medellin,Popcorn/Shake,,,,18136,18136,1,18136,18.136
115,G1,388,Medellin,RND,,,,141,141,1,141,0.141
115,G1,396H,Sage N Sour,Hash,,,,14700,14700,1,14700,14.7
115,G1,288,Sage N Sour,Shake,,,,50209,50209,1,50209,50.209
115,G1,MC280823V3,Molten Core,Large Flower,,,,33460,33460,1,33460,33.46
115,G1,BATO27/28,Platinum Northen Lights,Large Flower,,,,11103,11103,1,11103,11.103
115,G1,305,Cherry Noir,Shake,,,,10110,10110,1,10110,10.11
115,G1,317,Chemdawg,Large Flower,,,,4410,4410,1,4410,4.41
115,G1,317,Chemdawg,Shake,,,,1415,1415,1,1415,1.415
115,G1,317,Chemdawg,Popcorn,,,,955,955,1,955,0.955
115,G2,388,Medellin,Popcorn,,,,7994,7994,1,7994,7.994
115,G2,283,Blue Chemo,Popcorn,,,,5136,5136,1,5136,5.136
115,G2,AC1,Stargazer,Pouches 3.5,1,360,1,,360,3.5,1260,1.26
115,G2,AC1,Stargazer,Large Flower,,,,1264,1264,1,1264,1.264
115,G2,RNDMIX2023,RND,RND|Large Flower,,,,4000,4000,1,4000,4
115,G2,RNDMIX2023,RND,RND|Shred,,,,1526,1526,1,1526,1.526
115,G2,270,Medellin,Popcorn,,,,7286,7286,1,7286,7.286
115,G2,283,Blue Chemo,Shake,,,,25477,25477,1,25477,25.477
115,G2,301,Gas Paradise,Popcorn,,,,9597,9597,1,9597,9.597
115,G2,368,Blueberry Kush,Shake,,,,10151,10151,1,10151,10.151
115,G2,301,Gas Paradise,Shake,,,,21678,21678,1,21678,21.678
115,G2,396,Chemdawg,Popcorn,,,,36505,36505,1,36505,36.505
115,PALETTE_AUS,429,Sage N Sour,Large Flower,,,,60063,60063,1,60063,60.063
115,PALETTE_AUS,426,Medellin,Large Flower,,,,75081,75081,1,75081,75.081
115,PALETTE,401,Sage N Sour,Large Flower,,,,739,739,1,739,0.739
115,PALETTE,401,Sage N Sour,Popcorn/Shake,,,,6648,6648,1,6648,6.648
115,PALETTE,401,Sage N Sour,RND,,,,154,154,1,154,0.154
115,PALETTE,395H,Sage N Sour,Hash,,,,13,13,1,13,0.013
115,PALETTE,395H,Sage N Sour,RND|Hash,,,,6,6,1,6,0.006
115,PALETTE,233229H2,Cherry Noir/Mandarin,Hash 1.0,1,2,1,,2,1,2,0.002
115,PALETTE,395,Sage N Sour,Popcorn/Shake,,,,5585,5585,1,5585,5.585
115,PALETTE_QA,AF3770,Apple Fritter,Large Flower,,,,42664,42664,1,42664,42.664
115,PALETTE_QA,AF0319,Apple Fritter,Large Flower,,,,13558,13558,1,13558,13.558
115,PALETTE_QA,RETOURNUANCES,RND,Shred,,,,34356,34356,1,34356,34.356
115,PALETTE_QA,MIXED,Inconnu,Shred,,,,5940,5940,1,5940,5.94
115,RACK,334244H,Sage N Sour,RND|Hash,,,,32,32,1,32,0.032
115,RACK,277H,Sage N Sour,Hash 3.0,1,1,1,,1,3,3,0.003
115,RACK,277H,Sage N Sour,RND|Hash,,,,37,37,1,37,0.037
115,RACK,249,Sage N Sour,RND|Hash,,,,20,20,1,20,0.02
115,RACK,203H,Sage N Sour,Hash 3.0,1,2,1,,2,3,6,0.006
115,RACK,203H,Sage N Sour,RND|Hash,,,,27,27,1,27,0.027
115,RACK,176208H,Cherry Noir/Mandarin,Hash 1.0,1,2,1,,2,1,2,0.002
115,RACK,179201H,Cherry Noir/Mandarin,Hash 2.0,1,2,1,,2,2,4,0.004
115,RACK,179201,Cherry Noir/Mandarin,RND|Hash,,,,30,30,1,30,0.03
115,RACK,185201H,Cherry Noir/Mandarin,Hash 2.0,1,6,1,,6,2,12,0.012
115,RACK,185201H,Cherry Noir/Mandarin,RND|Hash,,,,21,21,1,21,0.021
115,RACK,213210H,Cherry Noir/Mandarin,RND|Hash,,,,30,30,1,30,0.03
115,RACK,207H,Sage N Sour,Hash 3.0,1,1,1,,1,3,3,0.003
115,RACK,207H,Sage N Sour,RND|Hash,,,,39,39,1,39,0.039
115,RACK,243241H,Sage N Sour,RND|Hash,,,,66,66,1,66,0.066
115,RACK,303H,Sage N Sour,Hash 3.0,1,1,1,,1,3,3,0.003
115,RACK,303H,Sage N Sour,RND|Hash,,,,64,64,1,64,0.064
115,RACK,172178H,Sage N Sour,Hash 3.0,1,2,1,,2,3,6,0.006
115,RACK,172178H,Sage N Sour,RND|Hash,,,,91,91,1,91,0.091
115,RACK,272259H,Sage N Sour,RND|Hash,,,,46,46,1,46,0.046
115,RACK,233229H2,Cherry Noir/Mandarin,RND|Hash,,,,12,12,1,12,0.012
115,RACK,247239H,Sage N Sour,Hash 3.0,1,3,1,,3,3,9,0.009
115,RACK,247239H,Sage N Sour,RND|Hash,,,,72,72,1,72,0.072
115,RACK,235237H,Sage N Sour,Hash 3.0,1,6,1,,6,3,18,0.018
115,RACK,235237H,Sage N Sour,RND|Hash,,,,146,146,1,146,0.146
115,RACK,209H,Sage N Sour,Hash 3.0,1,9,1,,9,3,27,0.027
115,RACK,209H,Sage N Sour,RND|Hash,,,,79,79,1,79,0.079
115,RACK,159185H,Cherry Noir/Mandarin,Hash 1.0,1,23,1,,23,1,23,0.023
115,RACK,159185H,Cherry Noir/Mandarin,RND|Hash,,,,3,3,1,3,0.003
115,RACK,233229H,Cherry Noir/Mandarin,RND|Hash,,,,4,4,1,4,0.004
115,RACK,213201H,Cherry Noir/Mandarin,Hash 2.0,1,2,1,,2,2,4,0.004
115,RACK,213201H,Cherry Noir/Mandarin,RND|Hash,,,,89,89,1,89,0.089
115,RACK,217232H,Sage N Sour,Hash 3.0,1,5,1,,5,3,15,0.015
115,RACK,217232H,Sage N Sour,RND|Hash,,,,45,45,1,45,0.045
115,RACK,284H,Sage N Sour,RND|Hash,,,,18,18,1,18,0.018
115,RACK,281266H,Sage N Sour,Hash 3.0,1,2,1,,2,3,6,0.006
115,RACK,281266H,Sage N Sour,RND|Hash,,,,48,48,1,48,0.048
115,RACK,154H,Sage N Sour,Hash 3.0,1,12,1,,12,3,36,0.036
115,RACK,154H,Sage N Sour,RND|Hash,,,,18,18,1,18,0.018
115,RACK,141171H,Sage N Sour,Hash 3.0,1,5,1,,5,3,15,0.015
115,RACK,343H,Sage N Sour,RND|Hash,,,,58,58,1,58,0.058
115,RACK,143H,Sage N Sour,Hash 3.0,1,22,1,,22,3,66,0.066
115,RACK,143H,Sage N Sour,RND|Hash,,,,9,9,1,9,0.009
115,RACK,211H,Sage N Sour,Hash 3.0,1,24,1,,24,3,72,0.072
115,RACK,211H,Sage N Sour,RND|Hash,,,,71,71,1,71,0.071
115,RACK,176208H,Cherry Noir/Mandarin,Hash 1.0,1,23,1,,23,1,23,0.023
115,RACK,176208H,Cherry Noir/Mandarin,RND|Hash,,,,19,19,1,19,0.019
115,RACK,277H2,Sage N Sour,Hash 3.0,1,1,1,,1,3,3,0.003
115,RACK,277H2,Sage N Sour,RND|Hash,,,,57,57,1,57,0.057
115,RACK,213229H,Cherry Noir/Mandarin,Hash 2.0,1,1,1,,1,2,2,0.002
115,RACK,213229H,Cherry Noir/Mandarin,RND|Hash,,,,20,20,1,20,0.02
115,RACK,173H,Sage N Sour,Hash 3.0,1,19,1,,19,3,57,0.057
115,RACK,173H,Sage N Sour,RND|Hash,,,,30,30,1,30,0.03
115,RACK,208210H,Cherry Noir/Mandarin,Hash 2.0,1,10,1,,10,2,20,0.02
115,RACK,208210H,Cherry Noir/Mandarin,RND|Hash,,,,4,4,1,4,0.004
115,RACK,ON2210H,Sage N Sour,Hash 3.0,1,4,1,,4,3,12,0.012
115,RACK,ON2210H,Sage N Sour,RND|Hash,,,,67,67,1,67,0.067
115,RACK,143160H,Sage N Sour,Hash 3.0,1,1,1,,1,3,3,0.003
115,RACK,143160H,Sage N Sour,RND|Hash,,,,94,94,1,94,0.094
115,RACK,211,Sage N Sour,Prérouler 0.6,1,9,6,,54,0.6,32,0.032
115,RACK,211,Sage N Sour,RND|Prérouler 0.6,,,,284,284,0.6,170,0.17
115,RACK,215,Sage N Sour,Prérouler 0.6,1,3,6,,18,0.6,11,0.011
115,RACK,215,Sage N Sour,RND|Prérouler 0.6,,,,790,790,0.6,474,0.474
115,RACK,232,Sage N Sour,Prérouler 0.6,1,22,6,,132,0.6,79,0.079
115,RACK,232,Sage N Sour,RND|Prérouler 0.6,,,,17,17,0.6,10,0.01
115,RACK,203,Sage N Sour,Prérouler 0.6,1,32,6,,192,0.6,115,0.115
115,RACK,203,Sage N Sour,RND|Prérouler 0.6,,,,36,36,0.6,22,0.022
115,RACK*QA,179,Mandarin,RND|Jars 3.5,1,3,1,,3,3.5,11,0.011
115,RACK*QA,INCONNU,Sage N Sour,RND|Pouches 3.5,1,11,1,,11,3.5,39,0.039
115,RACK*QA,172,Sage N Sour,RND|Pouches 3.5,1,7,1,,7,3.5,25,0.025
115,RACK*QA,140,Sage N Sour,RND|Pouches 3.5,1,2,1,,2,3.5,7,0.007
115,RACK*QA,160,Sage N Sour,RND|Pouches 3.5,1,3,1,,3,3.5,11,0.011
115,RACK*QA,151-152,Sage N Sour,RND|Pouches 3.5,1,2,1,,2,3.5,7,0.007
115,RACK*QA,153,Sage N Sour,RND|Pouches 3.5,1,7,1,,7,3.5,25,0.025
115,RACK*QA,178,Sage N Sour,RND|Pouches 3.5,1,2,1,,2,3.5,7,0.007
115,RACK*QA,155,Sage N Sour,RND|Pouches 3.5,1,7,1,,7,3.5,25,0.025
115,RACK*QA,209,Sage N Sour,RND|Pouches 3.5,1,1,1,,1,3.5,4,0.004
115,RACK*QA,INCONNU,Sage N Sour,RND|Prérouler 0.6,,,,25,25,0.6,15,0.015
